date2,QUOTA ALLOCATED, LOAD DRAWN (MW),LAOD SHEDDING (MW) (LOAD MANAGEMENT),TOTAL DEMAND (MW) 
1/1/2017,34873,34910,4292,39202
1/2/2017,30143,35086,6150,41236
1/3/2017,32783,38132,6132,44264
1/4/2017,33532,39435,5555,44990
1/5/2017,34076,40535,5074,45609
1/6/2017,34200,39874,5160,45034
1/7/2017,34408,40082,4915,44997
1/8/2017,33746,35544,4284,39828
1/9/2017,33500,36605,6442,43047
1/10/2017,34356,39741,6191,45932
1/11/2017,34057,40271,6123,46394
1/12/2017,34149,40226,5048,45274
1/13/2017,35003,41753,4751,46504
1/14/2017,35110,41130,4685,45815
1/15/2017,35069,33433,6779,40212
1/16/2017,35379,33996,6948,40944
1/17/2017,36127,40847,5425,46272
1/18/2017,37180,42646,5041,47687
1/19/2017,37656,42380,5171,47551
1/20/2017,36675,39892,9086,48978
1/21/2017,36889,39364,9276,48640
1/22/2017,36102,39948,3983,43931
1/23/2017,36773,39705,8283,47988
1/24/2017,37013,40409,8456,48865
1/25/2017,38068,40374,6415,46789
1/26/2017,37259,40161,6042,46203
1/27/2017,36464,39950,6023,45973
1/28/2017,36484,41226,4128,45354
1/29/2017,35274,36434,3831,40265
1/30/2017,35527,39611,4940,44551
1/31/2017,35745,76681,81126,126507
2/1/2017,36215,41017,4643,45660
2/2/2017,37205,42012,4063,46075
2/3/2017,37117,42049,4046,46095
2/4/2017,37132,39685,5037,44722
2/5/2017,36080,35117,3665,38782
2/6/2017,35454,40856,4921,45777
2/7/2017,35943,40856,4921,45777
2/8/2017,35773,41699,4929,46628
2/9/2017,35840,42127,4749,46876
2/10/2017,36042,42845,4164,47009
2/11/2017,36769,42233,4242,46475
2/12/2017,35614,37758,3918,41676
2/13/2017,36745,40522,5061,45583
2/14/2017,36739,41868,5109,46977
2/15/2017,36889,42045,4977,47022
2/16/2017,36870,42002,4897,46899
2/17/2017,36859,42778,4300,47078
2/18/2017,36775,42876,4464,47340
2/19/2017,36096,38569,3958,42527
2/20/2017,36610,42035,5019,47054
2/21/2017,36517,42523,5365,47888
2/22/2017,36942,43064,5357,48421
2/23/2017,36892,42928,5325,48253
2/24/2017,37255,44135,4298,48433
2/25/2017,37697,43655,4536,48191
2/26/2017,36983,39737,4050,43787
2/27/2017,37381,42740,5082,47822
2/28/2017,37620,43337,4993,48330
3/1/2017,38328,43697,5282,48979
3/2/2017,38708,44563,4829,49392
3/3/2017,38813,45113,4130,49243
3/4/2017,38620,46727,646,47373
3/5/2017,39513,42372,541,42913
3/6/2017,37181,42460,4731,47191
3/7/2017,37162,42282,5137,47419
3/8/2017,37257,42623,5159,47782
3/9/2017,37019,39181,5256,44437
3/10/2017,37159,41547,4060,45607
3/11/2017,37170,41510,3732,45242
3/12/2017,36822,37534,3559,41093
3/13/2017,36739,40244,4855,45099
3/14/2017,38295,42450,4715,47165
3/15/2017,38295,42450,4715,47165
3/16/2017,38182,42729,4470,47199
3/17/2017,38487,43643,4333,47976
3/18/2017,38709,44475,4261,48736
3/19/2017,37590,40871,4428,45299
3/20/2017,38481,44700,5507,50207
3/21/2017,38998,47441,6179,53620
3/22/2017,40920,49004,6362,55366
3/23/2017,40920,48867,4846,53713
3/24/2017,43670,50350,5673,56023
3/25/2017,43563,46870,6072,52942
3/26/2017,42010,46416,6574,52990
3/27/2017,45513,50844,8940,59784
3/28/2017,45257,51559,14566,66125
3/29/2017,48260,55251,11784,67035
3/30/2017,48672,55573,12478,68051
3/31/2017,50395,57206,13201,70407
4/1/2017,49710,55667,13581,69248
4/2/2017,46827,50824,12105,62929
4/3/2017,50282,55398,12504,67902
4/4/2017,49650,53922,12357,66279
4/5/2017,48568,51601,11106,62707
4/6/2017,48517,48986,8846,57832
4/7/2017,47987,49045,9017,58062
4/8/2017,46854,49817,7705,57522
4/9/2017,46465,46041,6090,52131
4/10/2017,46722,49503,8800,58303
4/11/2017,48786,53421,10268,63689
4/12/2017,50249,54628,12267,66895
4/13/2017,49328,55306,14121,69427
4/14/2017,47953,56665,15376,72041
4/15/2017,50526,55336,18438,73774
4/16/2017,50404,52657,18603,71260
4/17/2017,50814,55188,21830,77018
4/18/2017,51339,58183,22101,80284
4/19/2017,53269,61337,22184,83521
4/20/2017,54515,60712,23649,84361
4/21/2017,57284,59915,25288,85203
4/22/2017,58276,56090,11552,67642
4/23/2017,57523,51841,6089,57930
4/24/2017,59279,55818,5876,61694
4/25/2017,59479,58151,9053,67204
4/26/2017,61844,62173,7316,69489
4/27/2017,63275,63661,5595,69256
4/28/2017,64848,65231,6466,71697
4/29/2017,65340,65226,2379,67605
4/30/2017,61894,60083,2639,62722
5/1/2017,60697,58866,5817,64683
5/2/2017,63670,63929,10044,73973
5/3/2017,63347,63667,8776,72443
5/4/2017,62991,63615,9695,73310
5/5/2017,64897,66404,10256,76660
5/6/2017,64702,66920,13047,79967
5/7/2017,59742,61050,16560,77610
5/8/2017,63218,65943,20201,86144
5/9/2017,67007,68125,22232,90357
5/10/2017,66444,65810,23542,89352
5/11/2017,66672,64510,15615,80125
5/12/2017,66881,68245,17685,85930
5/13/2017,69506,71543,15661,87204
5/14/2017,65120,66376,18217,84593
5/15/2017,69277,71274,16333,87607
5/16/2017,69145,70033,6013,76046
5/17/2017,74635,71281,2316,73597
5/18/2017,75638,75177,2785,77962
5/19/2017,77179,75583,4635,80218
5/20/2017,74225,72477,5397,77874
5/21/2017,69003,61300,3815,65115
5/22/2017,70060,65898,4136,70034
5/23/2017,70955,73279,3947,77226
5/24/2017,71694,74485,8825,83310
5/25/2017,68834,69748,21606,91354
5/26/2017,70546,71779,19164,90943
5/27/2017,74618,74023,14406,88429
5/28/2017,68048,67814,18100,85914
5/29/2017,68761,70502,14585,85087
5/30/2017,72412,73045,16686,89731
5/31/2017,71992,68529,8022,76551
6/1/2017,72198,69708,11736,81444
6/2/2017,73042,73485,12607,86092
6/3/2017,74873,76795,13650,90445
6/4/2017,74313,74295,14988,89283
6/5/2017,74847,77573,18757,96330
6/6/2017,77418,77480,20352,97832
6/7/2017,74059,64952,15477,80429
6/8/2017,74232,69051,15603,84654
6/9/2017,72528,64354,9797,74151
6/10/2017,73396,62573,16803,79376
6/11/2017,70093,58662,4741,63403
6/12/2017,73085,70818,9742,80560
6/13/2017,75862,77059,9079,86138
6/14/2017,78154,76464,11125,87589
6/15/2017,78258,76674,9184,85858
6/16/2017,78116,76722,9627,86349
6/17/2017,75377,72649,8048,80697
6/18/2017,74604,72270,7177,79447
6/19/2017,73744,67779,14987,82766
6/20/2017,71161,62356,12567,74923
6/21/2017,69092,59448,6615,66063
6/22/2017,69410,65676,6831,72507
6/23/2017,73567,70496,6151,76647
6/24/2017,73945,73267,7286,80553
6/25/2017,71758,72748,3140,75888
6/26/2017,71832,70693,2539,73232
6/27/2017,71095,66168,2181,68349
6/28/2017,69041,53638,3252,56890
6/29/2017,66116,55411,1538,56949
6/30/2017,65957,60243,1526,61769
7/1/2017,67170,66368,5802,72170
7/2/2017,69685,69707,6495,76202
7/3/2017,72387,72708,11400,84108
7/4/2017,76109,77415,14760,92175
7/5/2017,75626,78121,15337,93458
7/6/2017,77081,73447,11066,84513
7/7/2017,76797,74990,4880,79870
7/8/2017,76335,77561,10297,87858
7/9/2017,76033,78191,7059,85250
7/10/2017,78399,80904,11984,92888
7/11/2017,79281,80090,14159,94249
7/12/2017,79514,73437,5150,78587
7/13/2017,77459,71896,6767,78663
7/14/2017,76710,79700,7287,86987
7/15/2017,78020,80130,8169,88299
7/16/2017,78959,78402,6128,84530
7/17/2017,78877,79045,12023,91068
7/18/2017,77262,77150,10724,87874
7/19/2017,79031,78143,13105,91248
7/20/2017,77148,79271,15648,94919
7/21/2017,78541,78887,14294,93181
7/22/2017,76657,77889,15636,93525
7/23/2017,75815,75669,10605,86274
7/24/2017,77345,78396,13909,92305
7/25/2017,79787,80121,16455,96576
7/26/2017,80205,81006,16112,97118
7/27/2017,79527,81488,13798,95286
7/28/2017,79564,80082,11724,91806
7/29/2017,79350,79912,10693,90605
7/30/2017,77513,77486,6199,83685
7/31/2017,76460,77019,10823,87842
8/1/2017,74586,75686,12331,88017
8/2/2017,80716,77526,5488,83014
8/3/2017,77894,79234,11622,90856
8/4/2017,78706,79912,16010,95922
8/5/2017,80272,81330,14549,95879
8/6/2017,74518,76765,12279,89044
8/7/2017,77569,79818,16743,96561
8/8/2017,76307,79150,19003,98153
8/9/2017,75097,78324,21578,99902
8/10/2017,80846,81378,18514,99892
8/11/2017,79334,79201,22117,101318
8/12/2017,76827,78252,22036,100288
8/13/2017,80259,77771,12832,90603
8/14/2017,78741,69299,2700,71999
8/15/2017,79943,77827,10046,87873
8/16/2017,79250,77876,15769,93645
8/17/2017,79023,77373,21016,98389
8/18/2017,79097,79034,20680,99714
8/19/2017,79970,79948,16748,96696
8/20/2017,80789,79858,3046,82904
8/21/2017,79708,79007,11480,90487
8/22/2017,77905,77835,17002,94837
8/23/2017,77789,79400,18692,98092
8/24/2017,78376,79378,15538,94916
8/25/2017,77915,77983,8317,86300
8/26/2017,78146,73977,3468,77445
8/27/2017,77115,74785,2295,77080
8/28/2017,79971,79042,4926,83968
8/29/2017,80580,76591,4138,80729
8/30/2017,80254,71676,3742,75418
8/31/2017,79820,68146,3154,71300
9/1/2017,79788,56989,1661,58650
9/2/2017,79885,55603,901,56504
9/3/2017,80951,57443,786,58229
9/4/2017,80951,57443,786,58229
9/5/2017,79334,64110,1136,65246
9/6/2017,78213,63689,5113,68802
9/7/2017,78080,66383,1744,68127
9/8/2017,78085,73879,1286,75165
9/9/2017,77810,76222,1862,78084
9/10/2017,77638,71965,2382,74347
9/11/2017,74329,67974,5392,73366
9/12/2017,77216,76803,4494,81297
9/13/2017,79350,73476,6320,79796
9/14/2017,79371,71644,2642,74286
9/15/2017,79264,74317,2104,76421
9/16/2017,74003,71742,3807,75549
9/17/2017,71747,65956,1127,67083
9/18/2017,74150,72808,3826,76634
9/19/2017,72991,73714,7104,80818
9/20/2017,72805,73764,7826,81590
9/21/2017,72817,73169,7788,80957
9/22/2017,74606,74667,4941,79608
9/23/2017,76130,72559,1844,74403
9/24/2017,70885,66261,2766,69027
9/25/2017,73977,71071,5454,76525
9/26/2017,73799,70839,9711,80550
9/27/2017,72806,73151,6139,79290
9/28/2017,73478,73600,6395,79995
9/29/2017,74330,73313,4362,77675
9/30/2017,74379,66395,955,67350
10/1/2017,74413,56341,768,57109
10/2/2017,75685,66783,3517,70300
10/3/2017,73928,70627,4168,74795
10/4/2017,74363,70618,4699,75317
10/5/2017,74699,69676,5045,74721
10/6/2017,70295,68944,5230,74174
10/7/2017,67642,68291,5254,73545
10/8/2017,72958,65647,1052,66699
10/9/2017,74754,68588,4146,72734
10/10/2017,74930,70971,3083,74054
10/11/2017,74957,69947,3743,73690
10/12/2017,75235,69373,3561,72934
10/13/2017,76169,69533,1532,71065
10/14/2017,72985,66807,3115,69922
10/15/2017,66636,61751,1484,63235
10/16/2017,66853,62958,4465,67423
10/17/2017,61560,63361,4593,67954
10/18/2017,60358,62338,5737,68075
10/19/2017,59234,60539,6408,66947
10/20/2017,60512,61694,5377,67071
10/21/2017,58910,59699,4374,64073
10/22/2017,54479,54029,2220,56249
10/23/2017,57308,55671,3367,59038
10/24/2017,57682,55894,3181,59075
10/25/2017,57084,55250,1974,57224
10/26/2017,58766,53862,2448,56310
10/27/2017,60334,54300,1176,55476
10/28/2017,59555,51816,1305,53121
10/29/2017,57855,46054,899,46953
10/30/2017,57813,47675,2094,49769
10/31/2017,57331,47870,1955,49825
11/1/2017,55392,48006,1361,49367
11/2/2017,53204,44386,2830,47216
11/3/2017,36047,37344,9101,46445
11/4/2017,41697,41955,3895,45850
11/5/2017,36942,35243,3804,39047
11/6/2017,37456,33906,4352,38258
11/7/2017,42655,38063,3611,41674
11/8/2017,46188,40755,2160,42915
11/9/2017,46332,41628,2360,43988
11/10/2017,46531,41365,1241,42606
11/11/2017,46106,41327,1555,42882
11/12/2017,43602,37296,990,38286
11/13/2017,44968,39045,2429,41474
11/14/2017,45659,38439,4214,42653
11/15/2017,46342,41164,1813,42977
11/16/2017,46864,41680,2105,43785
11/17/2017,47260,42974,803,43777
11/18/2017,47479,42524,870,43394
11/19/2017,47495,37729,665,38394
11/20/2017,47474,41495,1266,42761
11/21/2017,47135,42862,1578,44440
11/22/2017,45610,43066,2086,45152
11/23/2017,37894,40911,5350,46261
11/24/2017,41426,43991,3487,47478
11/25/2017,43485,42991,3671,46662
11/26/2017,44259,40511,584,41095
11/27/2017,43291,40939,2398,43337
11/28/2017,44974,43464,2405,45869
11/29/2017,46218,44866,1780,46646
11/30/2017,47520,45824,1797,47621
12/1/2017,41990,38187,585,38772
12/2/2017,44608,42139,533,42672
12/3/2017,42191,40004,676,40680
12/4/2017,44769,42575,2103,44678
12/5/2017,45224,43160,2537,45697
12/6/2017,45849,43465,2699,46164
12/7/2017,46123,44142,2720,46862
12/8/2017,47659,44747,1810,46557
12/9/2017,46924,44321,1904,46225
12/10/2017,42772,40037,1640,41677
12/11/2017,39818,36230,5937,42167
12/12/2017,43031,41760,2944,44704
12/13/2017,47396,44058,2201,46259
12/14/2017,48130,44961,2173,47134
12/15/2017,47162,43918,2114,46032
12/16/2017,47913,45186,2072,47258
12/17/2017,43738,40702,1755,42457
12/18/2017,46277,43952,2050,46002
12/19/2017,47486,45330,2028,47358
12/20/2017,46680,43947,3337,47284
12/21/2017,47203,44968,2975,47943
12/22/2017,47846,45277,2453,47730
12/23/2017,47739,44998,2538,47536
12/24/2017,43983,39930,2272,42202
12/25/2017,43523,40858,540,41398
12/26/2017,44929,43110,2540,45650
12/27/2017,46626,44465,2720,47185
12/28/2017,46400,43741,3114,46855
12/29/2017,46610,44232,2826,47058
12/30/2017,46777,44034,2502,46536
12/31/2017,43263,38954,2462,41416
1/1/2018,45366,42445,2608,45053
1/2/2018,43702,42414,4183,46597
1/3/2018,43561,38408,5358,43766
1/4/2018,42572,39919,4970,44889
1/5/2018,47203,44584,2633,47217
1/6/2018,47299,44228,2683,46911
1/7/2018,44771,39062,2513,41575
1/8/2018,45204,42729,3278,46007
1/9/2018,46838,44123,3392,47515
1/10/2018,47460,44412,3304,47716
1/11/2018,47583,43311,3562,46873
1/12/2018,48410,44319,2637,46956
1/13/2018,47833,44065,2645,46710
1/14/2018,45283,38589,2628,41217
1/15/2018,45418,42004,3435,45439
1/16/2018,46820,44069,3351,47420
1/17/2018,46976,44082,3420,47502
1/18/2018,47045,44033,3589,47622
1/19/2018,47331,45183,2446,47629
1/20/2018,47162,44194,2925,47119
1/21/2018,45036,39646,2605,42251
1/22/2018,46618,42821,3021,45842
1/23/2018,45550,41827,5017,46844
1/24/2018,46286,43811,3628,47439
1/25/2018,43528,40980,6950,47930
1/26/2018,44146,41897,3445,45342
1/27/2018,43241,40931,5166,46097
1/28/2018,42254,37662,2890,40552
1/29/2018,44756,42006,3522,45528
1/30/2018,46305,44234,3321,47555
1/31/2018,46599,43914,3376,47290
2/1/2018,46568,42976,3579,46555
2/2/2018,47071,44311,2410,46721
2/3/2018,47188,42863,2802,45665
2/4/2018,45013,38703,2379,41082
2/5/2018,42736,38977,2308,41285
2/6/2018,44807,42065,3343,45408
2/7/2018,46143,43896,3561,47457
2/8/2018,46258,43749,3681,47430
2/9/2018,48594,45404,2438,47842
2/10/2018,47983,44851,2401,47252
2/11/2018,46936,39716,2594,42310
2/12/2018,46601,37646,4780,42426
2/13/2018,47278,44163,3671,47834
2/14/2018,47523,44874,3140,48014
2/15/2018,47599,43950,3630,47580
2/16/2018,48351,45478,2497,47975
2/17/2018,48328,44887,2554,47441
2/18/2018,45805,40081,2420,42501
2/19/2018,47741,24582,1505,26087
2/20/2018,48561,45485,3892,49377
2/21/2018,48916,46083,3493,49576
2/22/2018,49149,46062,3778,49840
2/23/2018,50005,47434,2539,49973
2/24/2018,49010,44535,2887,47422
2/25/2018,45924,41011,2350,43361
2/26/2018,48978,44793,3350,48143
2/27/2018,49668,46580,3831,50411
2/28/2018,50391,47990,3268,51258
3/1/2018,51149,47602,3114,50716
3/2/2018,51916,47972,2631,50603
3/3/2018,50494,46588,2695,49283
3/4/2018,48193,42115,2586,44701
3/5/2018,49536,46383,3507,49890
3/6/2018,51853,48159,3478,51637
3/7/2018,52699,49702,3389,53091
3/8/2018,53039,49676,4126,53802
3/9/2018,54059,50240,3481,53721
3/10/2018,53403,50233,3553,53786
3/11/2018,52216,46837,2887,49724
3/12/2018,53141,50594,3929,54523
3/13/2018,55781,53590,3690,57280
3/14/2018,56551,53809,3890,57699
3/15/2018,56621,52304,3966,56270
3/16/2018,56863,52993,2955,55948
3/17/2018,55517,53479,3211,56690
3/18/2018,53317,49462,3023,52485
3/19/2018,56210,52949,3830,56779
3/20/2018,54700,51050,3769,54819
3/21/2018,52723,43247,6011,49258
3/22/2018,52108,46797,3687,50484
3/23/2018,51520,46769,2628,49397
3/24/2018,51753,49886,2649,52535
3/25/2018,50958,47936,2691,50627
3/26/2018,54456,52357,4293,56650
3/27/2018,54733,55862,5282,61144
3/28/2018,58355,58054,4212,62266
3/29/2018,60784,58031,4531,62562
3/30/2018,62042,59858,3557,63415
3/31/2018,62691,59787,3565,63352
4/1/2018,57360,55145,3282,58427
4/2/2018,56670,58246,4564,62810
4/3/2018,56670,58246,4564,62810
4/4/2018,60494,60761,5953,66714
4/5/2018,58599,60249,6480,66729
4/6/2018,58523,61859,7897,69756
4/7/2018,57720,61833,6607,68440
4/8/2018,60051,58242,6413,64655
4/9/2018,64225,59722,7324,67046
4/10/2018,71482,67583,4509,72092
4/11/2018,69974,60136,5842,65978
4/12/2018,69409,64623,4182,68805
4/13/2018,69364,64039,3786,67825
4/14/2018,66927,65169,4584,69753
4/15/2018,61047,61467,5684,67151
4/16/2018,67902,62685,4900,67585
4/17/2018,70320,65205,4623,69828
4/18/2018,70118,67822,4805,72627
4/19/2018,71979,69224,6299,75523
4/20/2018,63766,58033,4764,62797
4/21/2018,62799,58049,3604,61653
4/22/2018,60317,55601,3658,59259
4/23/2018,66876,63754,4272,68026
4/24/2018,71065,68277,4597,72874
4/25/2018,72831,70387,4875,75262
4/26/2018,74710,72229,5189,77418
4/27/2018,76781,75325,4612,79937
4/28/2018,66471,72286,8362,80648
4/29/2018,71269,69317,5759,75076
4/30/2018,69656,70410,9224,79634
5/1/2018,56748,63943,15718,79661
5/2/2018,62587,63410,13562,76972
5/3/2018,66500,66858,12364,79222
5/4/2018,78058,74259,5523,79782
5/5/2018,78058,78058,78058,78058
5/6/2018,78058,74259,5523,79782
5/7/2018,67928,62142,5301,67443
5/8/2018,71066,66662,4687,71349
5/9/2018,73498,69781,5160,74941
5/10/2018,76819,73057,5489,78546
5/11/2018,81666,78733,4202,82935
5/12/2018,80308,75231,6350,81581
5/13/2018,71928,65910,4851,70761
5/14/2018,75932,74169,5235,79404
5/15/2018,74684,70448,7877,78325
5/16/2018,69389,52039,14042,66081
5/17/2018,73062,68873,12242,81115
5/18/2018,80027,73789,5777,79566
5/19/2018,78563,72107,4968,77075
5/20/2018,76417,71034,4080,75114
5/21/2018,80230,73916,4751,78667
5/22/2018,82301,77208,4486,81694
5/23/2018,82547,77869,4695,82564
5/24/2018,82068,78557,6227,84784
5/25/2018,82786,79366,6715,86081
5/26/2018,84388,79577,7391,86968
5/27/2018,82808,78099,4747,82846
5/28/2018,85350,81904,8187,90091
5/29/2018,85742,82274,9966,92240
5/30/2018,86196,83775,10379,94154
5/31/2018,89430,85783,10445,96228
6/1/2018,92190,82058,10814,96097
6/2/2018,89725,82352,6524,92111
6/3/2018,90896,81809,5177,90436
6/4/2018,89591,85642,10824,99963
6/5/2018,87017,72231,26943,102358
6/6/2018,84090,74341,9254,86431
6/7/2018,87486,84599,9574,97671
6/8/2018,89923,85948,12319,101999
6/9/2018,82742,74092,8532,85843
6/10/2018,81101,76806,5993,85955
6/11/2018,87660,83917,7983,95304
6/12/2018,88815,86079,10419,100138
6/13/2018,89648,85211,11573,100487
6/14/2018,108063,83888,7068,94447
6/15/2018,86266,75560,4929,83696
6/16/2018,78439,66358,1972,70746
6/17/2018,73666,49937,4712,56674
6/18/2018,71468,56304,1125,59664
6/19/2018,75150,66309,3170,71895
6/20/2018,80596,72511,6095,81458
6/21/2018,83894,77941,5038,85928
6/22/2018,86162,78673,7629,89449
6/23/2018,87143,76166,5152,84258
6/24/2018,86228,79968,4300,87601
6/25/2018,90529,85964,6400,92364
6/26/2018,91240,83219,11496,98042
6/27/2018,87370,75364,6636,85150
6/28/2018,84345,73006,4967,81023
6/29/2018,77048,62032,6653,71198
6/30/2018,75967,67444,4398,74362
7/1/2018,80482,73550,4093,80607
7/2/2018,86382,82396,7485,93207
7/3/2018,67149,52616,12371,67436
7/4/2018,68808,59269,6000,67490
7/5/2018,74657,69277,3893,75773
7/6/2018,81796,75602,3391,81809
7/7/2018,84428,81112,4717,89024
7/8/2018,85060,81010,4114,85133
7/9/2018,90753,88205,6003,97691
7/10/2018,92462,89781,9198,102793
7/11/2018,91384,86511,6156,96312
7/12/2018,90853,86293,5569,95396
7/13/2018,89224,65492,4533,71608
7/14/2018,87296,85194,6617,95241
7/15/2018,86580,83310,4526,91267
7/16/2018,90713,88124,6525,98265
7/17/2018,91950,87049,6608,97260
7/18/2018,91950,87178,7560,98439
7/19/2018,92100,83442,8055,95097
7/20/2018,92100,79692,8459,91360
7/21/2018,92014,81013,7119,91342
7/22/2018,91850,77718,4348,85253
7/23/2018,91800,83250,5830,92393
7/24/2018,91830,84736,5959,94253
7/25/2018,86750,74330,2241,79323
7/26/2018,90880,78631,3433,84872
7/27/2018,90030,77423,5315,85646
7/28/2018,88250,78134,5026,86393
7/29/2018,85600,73685,4579,81186
7/30/2018,89890,83871,5664,92734
7/31/2018,92450,88469,6756,98822
8/1/2018,92950,87425,10276,101469
8/2/2018,93279,87265,14972,106218
8/3/2018,94200,90719,10301,104972
8/4/2018,94325,90072,9512,103469
8/5/2018,94850,85908,9882,99455
8/6/2018,94091,85940,9918,99565
8/7/2018,92760,82670,6100,92207
8/8/2018,91606,82654,6221,92080
8/9/2018,91881,85194,7328,96061
8/10/2018,90670,84573,10941,99096
8/11/2018,92451,87237,12348,103426
8/12/2018,90402,86561,6322,96419
8/13/2018,91846,87743,6655,97971
8/14/2018,90354,82214,3425,88834
8/15/2018,91860,85050,6309,94771
8/16/2018,92100,87229,9129,99955
8/17/2018,90834,86353,11580,101626
8/18/2018,90223,85124,9567,98370
8/19/2018,88827,83710,8846,96072
8/20/2018,89881,86013,3046,92536
8/21/2018,89750,78053,4965,86088
8/22/2018,88900,74152,1539,78584
8/23/2018,88735,75069,1268,79304
8/24/2018,88050,77840,1658,82627
8/25/2018,88594,79422,2741,85400
8/26/2018,88138,79812,2315,85388
8/27/2018,89958,86880,3946,94254
8/28/2018,87338,79419,14546,97575
8/29/2018,89718,85950,13529,103262
8/30/2018,90242,85297,14199,103289
8/31/2018,90061,85545,13833,103212
9/1/2018,89513,85832,12714,102386
9/2/2018,87423,84263,9030,96806
9/3/2018,86322,83586,10437,97564
9/4/2018,85461,83741,10543,97751
9/5/2018,88663,87572,10816,101918
9/6/2018,87412,85400,14684,103931
9/7/2018,87466,82657,12943,99095
9/8/2018,86330,83104,8797,95091
9/9/2018,81540,74030,8186,85139
9/10/2018,85827,80242,10267,93528
9/11/2018,87100,83595,10237,97227
9/12/2018,87900,82905,11572,97947
9/13/2018,87500,83265,10479,97142
9/14/2018,87962,82776,11097,97125
9/15/2018,86739,78457,8404,89971
9/16/2018,85650,78394,7828,89238
9/17/2018,86691,78608,8535,90130
9/18/2018,87550,79695,8204,91020
9/19/2018,87187,80058,8680,91963
9/20/2018,86282,74612,7011,84553
9/21/2018,86800,69144,6616,78165
9/22/2018,86071,70822,7629,80983
9/23/2018,80777,63456,7745,73492
9/24/2018,81850,67225,7565,76972
9/25/2018,78698,68108,4540,75034
9/26/2018,79059,69603,2925,75120
9/27/2018,81215,71768,3336,77866
9/28/2018,78798,68455,4601,75527
9/29/2018,73840,62473,2672,67422
9/30/2018,67913,60764,2926,66172
10/1/2018,71248,65525,4030,72023
10/2/2018,73172,68451,4125,75241
10/3/2018,73839,68463,4221,75435
10/4/2018,72769,64591,3652,70755
10/5/2018,71808,64019,2193,68634
10/6/2018,72045,63410,1952,67766
10/7/2018,71498,58552,2195,63115
10/8/2018,70999,61625,3761,67707
10/9/2018,69969,53979,6115,62102
10/10/2018,69138,59098,3548,64812
10/11/2018,68481,57716,3578,63528
10/12/2018,67103,58366,1843,62346
10/13/2018,65055,57401,1864,61385
10/14/2018,60763,52477,1741,56313
10/15/2018,62287,56122,2918,61059
10/16/2018,62554,56916,3066,62119
10/17/2018,62635,56322,2978,61437
10/18/2018,62906,56074,2748,60873
10/19/2018,61848,55993,1512,59534
10/20/2018,61968,53789,1500,57258
10/21/2018,60222,48312,1503,51700
10/22/2018,58795,51721,2731,56263
10/23/2018,59104,52731,2879,57550
10/24/2018,60123,52564,2484,56969
10/25/2018,54032,50342,5758,57976
10/26/2018,59803,53746,1681,57328
10/27/2018,59901,52374,1476,55753
10/28/2018,57856,80459,1436,83749
10/29/2018,58254,49617,2901,54269
10/30/2018,58259,51073,1448,54369
10/31/2018,57508,48653,2540,52996
11/1/2018,54987,43696,2053,45749
11/2/2018,48735,37845,1331,39176
11/3/2018,51698,44174,1327,45501
11/4/2018,51596,39296,1266,40562
11/5/2018,51954,42845,2381,45226
11/6/2018,52878,43867,2502,46369
11/7/2018,53093,44910,2264,47174
11/8/2018,52728,45546,2334,47880
11/9/2018,54378,47177,1406,48583
11/10/2018,54496,47054,1185,48239
11/11/2018,54496,47054,1185,48239
11/12/2018,54763,45784,2249,48033
11/13/2018,54700,46580,3005,49585
11/14/2018,54407,46476,2677,49153
11/15/2018,53626,46146,2457,48603
11/16/2018,51664,47588,1081,48669
11/17/2018,49936,47257,1480,48737
11/18/2018,46831,42695,1471,44166
11/19/2018,49785,46039,2236,48275
11/20/2018,50008,40442,437,40879
11/21/2018,49699,44801,2050,46851
11/22/2018,51098,47231,1191,48422
11/23/2018,51396,46318,1364,47682
11/24/2018,50427,41827,1411,43238
11/25/2018,50427,41827,1411,43238
11/26/2018,50777,45084,2264,47348
11/27/2018,50679,46095,2421,48516
11/28/2018,50818,45771,2703,48474
11/29/2018,50394,45848,2291,48139
11/30/2018,50920,46242,1322,47564
12/1/2018,47695,45340,1204,46544
12/2/2018,48183,40927,1116,42043
12/3/2018,48436,44054,2226,46280
12/4/2018,49482,45069,2431,47500
12/5/2018,49605,45330,2460,47790
12/6/2018,45427,43830,5180,49010
12/7/2018,49368,40736,1766,42502
12/8/2018,49016,43882,1549,45431
12/9/2018,47573,40133,1448,41581
12/10/2018,46942,41306,3361,44667
12/11/2018,48047,43856,2620,46476
12/12/2018,50123,46904,2532,49436
12/13/2018,50717,45576,2868,48444
12/14/2018,50371,46140,1323,47463
12/15/2018,49734,45219,1269,46488
12/16/2018,45668,39924,1317,41241
12/17/2018,48394,43698,2457,46155
12/18/2018,49280,45297,2300,47597
12/19/2018,49805,45512,2524,48036
12/20/2018,50230,45337,2618,47955
12/21/2018,50305,46947,1377,48324
12/22/2018,50329,46143,1388,47531
12/23/2018,49290,41584,1412,42996
12/24/2018,47068,39317,2622,41939
12/25/2018,47599,41188,824,42012
12/26/2018,47443,43334,2394,45728
12/27/2018,48101,45379,2592,47971
12/28/2018,46157,45031,3595,48626
12/29/2018,48023,45572,3731,49303
12/30/2018,48200,43048,1111,44159
12/31/2018,49328,44877,2136,47013
1/1/2019,49920,46379,2483,48862
1/2/2019,42490,39683,10793,50476
1/3/2019,38716,35058,11741,46799
1/4/2019,49087,46190,6106,52296
1/5/2019,44868,41333,9593,50926
1/6/2019,42775,40836,5633,46469
1/7/2019,47506,44714,5924,50638
1/8/2019,51205,48042,2374,50416
1/9/2019,49391,47415,5295,52710
1/10/2019,52797,48793,2551,51344
1/11/2019,52485,46927,1637,48564
1/12/2019,51970,41671,1728,43399
1/13/2019,48555,39442,1485,40927
1/14/2019,51091,44255,2341,46596
1/15/2019,51513,45685,2350,48035
1/16/2019,51572,46014,2289,48303
1/17/2019,52460,45254,2278,47532
1/18/2019,53786,50062,1083,51145
1/19/2019,53419,49131,1073,50204
1/20/2019,51034,41327,1616,42943
1/21/2019,49942,36915,5031,41946
1/22/2019,51011,43323,2374,45697
1/23/2019,49314,42915,2610,45525
1/24/2019,49629,44004,2332,46336
1/25/2019,46420,43191,4768,47959
1/26/2019,49912,44723,1308,46031
1/27/2019,49303,40764,1285,42049
1/28/2019,49477,43867,2320,46187
1/29/2019,50184,45197,2518,47715
1/30/2019,51892,46085,2234,48319
1/31/2019,51649,43870,3211,47081
2/1/2019,51597,45966,1187,47153
2/2/2019,51129,45143,1116,46259
2/3/2019,51597,45966,1187,47153
2/4/2019,54076,46475,2503,48978
2/5/2019,48189,36061,950,37011
2/6/2019,46319,34195,2363,36558
2/7/2019,48974,43005,1808,44813
2/8/2019,49790,45423,1067,46490
2/9/2019,49565,45739,836,46575
2/10/2019,49074,41484,853,42337
2/11/2019,48557,44152,2983,47135
2/12/2019,49876,46052,2023,48075
2/13/2019,50103,46124,2087,48211
2/14/2019,50035,45879,2119,47998
2/15/2019,50758,47142,1083,48225
2/16/2019,51141,46840,907,47747
2/17/2019,50725,41398,989,42387
2/18/2019,50394,42083,2613,44696
2/19/2019,49854,42637,1974,44611
2/20/2019,49714,42796,2620,45416
2/21/2019,48794,39666,2116,41782
2/22/2019,49527,42441,1029,43470
2/23/2019,49629,42446,1012,43458
2/24/2019,49674,37990,949,38939
2/25/2019,49670,40022,2688,42710
2/26/2019,49573,40417,2553,42970
2/27/2019,49140,42378,1819,44197
2/28/2019,49134,42667,1924,44591
3/1/2019,48420,43008,908,43916
3/2/2019,46461,39230,2816,42046
3/3/2019,47200,39773,1077,40850
3/4/2019,47718,41990,2163,44153
3/5/2019,48527,42683,2303,44986
3/6/2019,48844,43848,2089,45937
3/7/2019,49032,44719,2139,46858
3/8/2019,49974,45527,950,46477
3/9/2019,49987,45549,1041,46590
3/10/2019,49626,40652,1219,41871
3/11/2019,49558,42875,1807,44682
3/12/2019,49617,43254,2180,45434
3/13/2019,49545,43273,2075,45348
3/14/2019,49180,43557,1900,45457
3/15/2019,49952,45001,1125,46126
3/16/2019,49960,45168,1087,46255
3/17/2019,49196,40692,1326,42018
3/18/2019,49165,43870,2445,46315
3/19/2019,50910,46607,2740,49347
3/20/2019,51093,44676,3559,48235
3/21/2019,51302,47736,2550,50286
3/22/2019,52776,49407,1215,50622
3/23/2019,52785,44750,863,45613
3/24/2019,51649,41132,1273,42405
3/25/2019,51385,45059,2163,47222
3/26/2019,51102,46890,2551,49441
3/27/2019,52319,48358,2640,50998
3/28/2019,58406,51872,5848,57720
3/29/2019,58960,54880,1513,56393
3/30/2019,59830,55608,1473,57081
3/31/2019,56635,48534,1706,50240
4/1/2019,58041,52994,1710,54704
4/2/2019,60091,56342,1731,58073
4/3/2019,62078,57816,1940,59756
4/4/2019,63749,59420,2052,61472
4/5/2019,66203,62922,1686,64608
4/6/2019,63271,60431,6955,67386
4/7/2019,63155,57605,2213,59818
4/8/2019,68317,62614,2322,64936
4/9/2019,71130,64920,3334,68254
4/10/2019,71130,64920,3334,68254
4/11/2019,71894,68309,2288,70597
4/12/2019,71981,67888,1870,69758
4/13/2019,70436,63918,2395,66313
4/14/2019,70436,63918,2395,66313
4/15/2019,68006,68007,68008,68009
4/16/2019,68996,23225,11936,35161
4/17/2019,61343,45473,3112,48585
4/18/2019,58967,50970,2248,53218
4/19/2019,61078,55404,1327,56731
4/20/2019,64634,59062,1680,60742
4/21/2019,63687,57234,1569,58803
4/22/2019,70960,65259,2842,68101
4/23/2019,75578,69331,4233,73564
4/24/2019,75701,58742,8815,67557
4/25/2019,75480,67058,3430,70488
4/26/2019,76174,69528,2517,72045
4/27/2019,76734,70284,2112,72396
4/28/2019,74941,65081,2909,67990
4/29/2019,76771,70086,3440,73526
4/30/2019,75659,65926,4732,70658
5/1/2019,74673,67408,1873,69281
5/2/2019,74876,65810,3201,69011
5/3/2019,75377,69601,2067,71668
5/4/2019,75622,70607,2212,72819
5/5/2019,75344,68242,1641,69883
5/6/2019,78313,73258,2225,75483
5/7/2019,82871,78294,2225,80519
5/8/2019,87290,82682,2331,85013
5/9/2019,88664,83490,2290,85780
5/10/2019,87556,82408,2133,84541
5/11/2019,81596,75667,2482,78149
5/12/2019,78578,73424,1617,75041
5/13/2019,82177,75293,4442,79735
5/14/2019,82973,76163,2083,78246
5/15/2019,68006,68007,68008,68009
5/16/2019,78987,73212,2456,75668
5/17/2019,72794,66065,2673,68738
5/18/2019,73361,67999,1472,69471
5/19/2019,75718,67604,3817,71421
5/20/2019,80016,74148,2979,77127
5/21/2019,86617,82488,2188,84676
5/22/2019,89048,84841,2263,87104
5/23/2019,86668,78503,3965,82468
5/24/2019,78026,67930,6601,74531
5/25/2019,74376,66703,3480,70183
5/26/2019,77385,71582,2146,73728
5/27/2019,84609,79942,2253,82195
5/28/2019,91426,85918,2606,88524
5/29/2019,94451,89462,2645,92107
5/30/2019,96732,91077,3353,94430
5/31/2019,98808,93206,3318,96524
6/1/2019,99232,91524,3879,95403
6/2/2019,98854,88934,3016,91950
6/3/2019,98230,88208,4738,92946
6/4/2019,91337,77265,3444,80709
6/5/2019,86070,75320,1139,76459
6/6/2019,78944,70604,835,71439
6/7/2019,77441,70711,735,71446
6/8/2019,79929,75933,1766,77699
6/9/2019,82543,79107,1899,81006
6/10/2019,92411,87881,2977,90858
6/11/2019,97500,90296,3432,93728
6/12/2019,93134,83332,6381,89713
6/13/2019,95273,87468,3278,90746
6/14/2019,95709,88354,2419,90773
6/15/2019,94385,82983,5427,88410
6/16/2019,89866,77712,2865,80577
6/17/2019,91846,79646,7400,87046
6/18/2019,80805,73332,4083,77415
6/19/2019,88848,82388,4445,86833
6/20/2019,89305,76711,7290,84001
6/21/2019,86170,78720,3633,82353
6/22/2019,92380,85791,3597,89388
6/23/2019,88640,75846,6198,82044
6/24/2019,82959,69880,5699,75579
6/25/2019,85899,79879,3944,83823
6/26/2019,91682,80502,8118,88620
6/27/2019,92951,79243,5779,85022
6/28/2019,94754,88932,4870,93802
6/29/2019,95486,88798,4678,93476
6/30/2019,93558,83333,4118,87451
7/1/2019,96374,89154,6441,95595
7/2/2019,99188,90671,5959,96630
7/3/2019,102547,95598,6340,101938
7/4/2019,101790,87677,11065,98742
7/5/2019,98141,85688,5052,90740
7/6/2019,92173,78512,8069,86581
7/7/2019,91284,84002,3958,87960
7/8/2019,99107,93293,6397,99690
7/9/2019,99696,90986,6376,97362
7/10/2019,99790,93187,6501,99688
7/11/2019,100470,88472,8670,97142
7/12/2019,100829,90914,5251,96165
7/13/2019,97596,82935,6775,89710
7/14/2019,86976,68547,7448,75995
7/15/2019,85479,74143,4900,79043
7/16/2019,82780,64691,7125,71816
7/17/2019,84421,69043,5405,74448
7/18/2019,87305,77942,5361,83303
7/19/2019,89114,80045,4858,84903
7/20/2019,88282,78757,5997,84754
7/21/2019,86406,76853,4627,81480
7/22/2019,89748,83545,6726,90271
7/23/2019,100793,91355,7132,98487
7/24/2019,100793,91355,7132,98487
7/25/2019,93887,79785,7733,87518
7/26/2019,89038,80236,4755,84991
7/27/2019,87619,80202,4573,84775
7/28/2019,80711,70767,4284,75051
7/29/2019,87164,78952,5197,84149
7/30/2019,93343,86199,6297,92496
7/31/2019,96648,85800,5556,91356
8/1/2019,93749,78335,6190,84525
8/2/2019,90665,77158,5006,82164
8/3/2019,90297,81726,4124,85850
8/4/2019,90720,81223,4961,86184
8/5/2019,95783,90053,5846,95899
8/6/2019,98633,90971,6008,96979
8/7/2019,97684,88383,5410,93793
8/8/2019,98838,90445,6180,96625
8/9/2019,97949,82318,5603,87921
8/10/2019,95733,81453,4543,85996
8/11/2019,90276,76445,4032,80477
8/12/2019,85172,77126,1750,78876
8/13/2019,84947,77120,1347,78467
8/14/2019,84842,76863,1687,78550
8/15/2019,85774,76280,4534,80814
8/16/2019,84321,74761,5069,79830
8/17/2019,81915,70122,4197,74319
8/18/2019,80890,68268,3691,71959
8/19/2019,85533,76211,4491,80702
8/20/2019,89834,84392,4621,89013
8/21/2019,93323,86832,6905,93737
8/22/2019,96182,89879,5300,95179
8/23/2019,96353,89107,5214,94321
8/24/2019,96350,88777,5681,94458
8/25/2019,95917,84026,5061,89087
8/26/2019,94019,85423,5167,90590
8/27/2019,95370,86775,5862,92637
8/28/2019,97809,89748,7942,97690
8/29/2019,99761,91020,9708,100728
8/30/2019,99148,90162,6020,96182
8/31/2019,98680,88805,4136,92941
9/1/2019,91854,77986,5827,83813
9/2/2019,94460,80687,4292,84979
9/3/2019,96442,87564,5012,92576
9/4/2019,97657,89619,5549,95168
9/5/2019,97651,89142,4522,93664
9/6/2019,97730,90027,3975,94002
9/7/2019,96941,87062,4516,91578
9/8/2019,94873,83687,3412,87099
9/9/2019,92455,80351,1240,81591
9/10/2019,90759,75296,1506,76802
9/11/2019,95487,88020,4959,92979
9/12/2019,98720,92451,5631,98082
9/13/2019,99354,92335,4962,97297
9/14/2019,99514,91366,5106,96472
9/15/2019,99402,85385,4789,90174
9/16/2019,98994,86386,4997,91383
9/17/2019,97387,87185,4949,92134
9/18/2019,97428,88299,5235,93534
9/19/2019,96158,84707,4576,89283
9/20/2019,93783,81770,3603,85373
9/21/2019,91665,80532,3613,84145
9/22/2019,87014,75434,3762,79196
9/23/2019,86334,79062,4002,83064
9/24/2019,86847,80580,4164,84744
9/25/2019,86362,80784,4404,85188
9/26/2019,88122,81282,4266,85548
9/27/2019,87271,79266,3792,83058
9/28/2019,83285,68101,5177,73278
9/29/2019,76702,55561,3290,58851
9/30/2019,73130,60259,3401,63660
10/1/2019,70430,61554,3418,64972
10/2/2019,69723,64597,3802,68399
10/3/2019,70097,60750,4515,65265
10/4/2019,68194,53115,2792,55907
10/5/2019,66947,56382,2293,58675
10/6/2019,65737,51640,2521,54161
10/7/2019,63397,53926,3171,57097
10/8/2019,62448,56126,4819,60945
10/9/2019,65422,57988,3592,61580
10/10/2019,66474,59666,3734,63400
10/11/2019,66910,61602,2510,64112
10/12/2019,66773,60923,2672,63595
10/13/2019,65448,56550,2467,59017
10/14/2019,65575,60109,3876,63985
10/15/2019,67009,62072,3797,65869
10/16/2019,67765,62046,3915,65961
10/17/2019,65117,59344,4061,63405
10/18/2019,60890,48261,3955,52216
10/19/2019,58977,47765,2118,49883
10/20/2019,59008,44179,1959,46138
10/21/2019,57857,46999,2859,49858
10/22/2019,57899,49300,3259,52559
10/23/2019,57973,51069,2805,53874
10/24/2019,58328,51000,3263,54263
10/25/2019,58018,52157,1818,53975
10/26/2019,57610,50821,1894,52715
10/27/2019,56724,46707,1562,48269
10/28/2019,56480,49279,2968,52247
10/29/2019,54212,48615,3108,51723
10/30/2019,53772,43678,3156,46834
10/31/2019,54233,49775,3959,53734
11/1/2019,57110,50713,1957,52670
11/2/2019,57122,49120,2158,51278
11/3/2019,56500,44530,2098,46628
11/4/2019,56591,46941,3222,50163
11/5/2019,56819,49555,2379,51934
11/6/2019,56612,49290,2789,52079
11/7/2019,55677,45604,10076,55680
11/8/2019,54957,45615,1662,47277
11/9/2019,54867,45234,1289,46523
11/10/2019,54504,39602,467,40069
11/11/2019,52700,42382,2738,45120
11/12/2019,52592,44814,2638,47452
11/13/2019,52480,44894,2702,47596
11/14/2019,51992,44187,2887,47074
11/15/2019,50943,45219,1615,46834
11/16/2019,50177,43853,1752,45605
11/17/2019,49647,39902,1800,41702
11/18/2019,49528,42147,2744,44891
11/19/2019,49901,43452,2424,45876
11/20/2019,50428,43366,2542,45908
11/21/2019,50465,43411,2447,45858
11/22/2019,48650,44330,1507,45837
11/23/2019,46528,43318,1412,44730
11/24/2019,43418,39220,1620,40840
11/25/2019,45708,41457,2730,44187
11/26/2019,46941,43450,2267,45717
11/27/2019,47018,43025,2505,45530
11/28/2019,46924,42269,2628,44897
11/29/2019,46557,42516,1908,44424
11/30/2019,45744,42535,1482,44017
12/1/2019,42081,50713,1957,52670
12/2/2019,44700,49120,2158,51278
12/3/2019,45604,44530,2098,46628
12/4/2019,46156,46941,3222,50163
12/5/2019,46435,49555,2379,51934
12/6/2019,46764,49290,2789,52079
12/7/2019,46161,45604,10076,55680
12/8/2019,44229,45615,1662,47277
12/9/2019,45615,45234,1289,46523
12/10/2019,46736,39602,467,40069
12/11/2019,46443,42382,2738,45120
12/12/2019,46878,44814,2638,47452
12/13/2019,47091,44894,2702,47596
12/14/2019,45965,44187,2887,47074
12/15/2019,41523,45219,1615,46834
12/16/2019,44027,43853,1752,45605
12/17/2019,46187,39902,1800,41702
12/18/2019,46705,42147,2744,44891
12/19/2019,48353,43452,2424,45876
12/20/2019,46795,44227,2410,46637
12/21/2019,48466,43411,2447,45858
12/22/2019,48765,44330,1507,45837
12/23/2019,48771,43318,1412,44730
12/24/2019,49412,39220,1620,40840
12/25/2019,49089,41457,2730,44187
12/26/2019,49263,43450,2267,45717
12/27/2019,49878,43025,2505,45530
12/28/2019,49622,42269,2628,44897
12/29/2019,47830,42516,1908,44424
12/30/2019,48310,42535,1482,44017
12/31/2019,49571,46176,1956,48132
1/1/2020,49968,46735,1478,48213
1/2/2020,50165,45393,1861,47254
1/3/2020,50112,45699,1009,46708
1/4/2020,50028,44923,902,45825
1/5/2020,48288,40515,1042,41557
1/6/2020,46719,41556,2557,44113
1/7/2020,48342,44959,1811,46770
1/8/2020,49094,45133,2359,47492
1/9/2020,49384,44122,2661,46783
1/10/2020,49355,45988,1108,47096
1/11/2020,48961,44566,1015,45581
1/12/2020,47828,39276,1071,40347
1/13/2020,47764,41043,2938,43981
1/14/2020,49128,44183,2400,46583
1/15/2020,49598,45823,2407,48230
1/16/2020,49847,45183,2665,47848
1/17/2020,50107,46697,1113,47810
1/18/2020,50108,45608,1089,46697
1/19/2020,46980,41104,1108,42212
1/20/2020,47485,42886,2536,45422
1/21/2020,48007,43593,2326,45919
1/22/2020,48121,44120,2165,46285
1/23/2020,48319,42134,3273,45407
1/24/2020,48502,44820,1092,45912
1/25/2020,48292,43910,1102,45012
1/26/2020,47564,39152,1028,40180
1/27/2020,47114,40305,3373,43678
1/28/2020,47286,41222,1905,43127
1/29/2020,47309,42218,2211,44429
1/30/2020,48186,42211,2603,44814
1/31/2020,48112,42288,2500,45745
2/1/2020,47354,42036,1292,43328
2/2/2020,45057,37507,7552,1245
2/3/2020,45516,39218,2576,41794
2/4/2020,46320,41967,2244,44211
2/5/2020,45861,39583,1208,40791
2/6/2020,45913,40929,2386,43315
2/7/2020,46897,42402,1282,43684
2/8/2020,46966,41732,1253,42985
2/9/2020,46043,37508,1474,38982
2/10/2020,46059,39696,2473,42169
2/11/2020,46630,41187,2475,43662
2/12/2020,46705,41812,2135,43947
2/13/2020,46797,41752,2570,44322
2/14/2020,46715,42792,1440,44232
2/15/2020,46854,42813,1639,44452
2/16/2020,43417,38202,1604,39806
2/17/2020,45774,40747,2552,43299
2/18/2020,45191,41412,2338,43750
2/19/2020,43648,45286,41157,2497
2/20/2020,45232,41278,3958,45236
2/21/2020,46007,42593,1428,44021
2/22/2020,46325,42348,1252,43600
2/23/2020,45151,38271,1380,39651
2/24/2020,45455,40031,2815,42846
2/25/2020,45567,42089,2523,44612
2/26/2020,46477,42798,1935,44733
2/27/2020,46269,41493,2760,44253
2/28/2020,46530,41957,1455,43412
2/29/2020,46140,37721,2867,40588
3/1/2020,45198,36749,1257,38006
3/2/2020,45510,39486,2350,41836
3/3/2020,44802,39638,2610,42248
3/4/2020,44968,41207,2265,43472
3/5/2020,44610,36593,4005,40598
3/6/2020,42285,36387,2299,38686
3/7/2020,41912,37745,1540,39285
3/8/2020,40695,34531,1187,35718
3/9/2020,41438,37152,2234,39386
3/10/2020,42026,37741,2415,40156
3/11/2020,42144,37879,2596,40475
3/12/2020,41950,36119,3809,39928
3/13/2020,42270,37544,1856,39400
3/14/2020,42364,38696,1425,40121
3/15/2020,40717,34763,1168,35931
3/16/2020,41250,37684,2484,40168
3/17/2020,43151,39721,2237,41958
3/18/2020,45081,40367,2577,42944
3/19/2020,46069,42515,2725,45240
3/20/2020,47027,43776,1388,45164
3/21/2020,47147,43358,1434,44792
3/22/2020,46651,39773,1503,41276
3/23/2020,46351,39453,1212,40665
3/24/2020,46114,35621,1410,37031
3/25/2020,45587,33135,499,33634
3/26/2020,44729,33557,1946,35503
3/27/2020,39256,29039,1392,30431
3/28/2020,37042,29443,478,29921
3/29/2020,37895,29804,436,30240
3/30/2020,37629,30866,346,31212
3/31/2020,37462,30386,355,30741
4/1/2020,37622,30982,379,31361
4/2/2020,37700,31948,432,32380
4/3/2020,38098,33306,380,33686
4/4/2020,39036,34839,375,35214
4/5/2020,39530,34072,1316,35388
4/6/2020,39344,35429,708,36137
4/7/2020,39543,32373,1826,34199
4/8/2020,39630,36092,631,36723
4/9/2020,39840,37182,557,37739
4/10/2020,41388,38935,422,39357
4/11/2020,42971,40745,421,41166
4/12/2020,44672,41670,420,42090
4/13/2020,48103,45539,872,46411
4/14/2020,51214,48086,738,48824
4/15/2020,51869,49072,701,49773
4/16/2020,52241,48001,971,48972
4/17/2020,50795,42461,2133,44594
4/18/2020,49057,36053,2878,38931
4/19/2020,47825,40075,865,40940
4/20/2020,47971,41255,1213,42468
4/21/2020,47350,42144,980,43124
4/22/2020,49863,46097,940,47037
4/23/2020,52865,49650,1042,50692
4/24/2020,55323,52860,905,53765
4/25/2020,55392,48889,932,49821
4/26/2020,54061,48662,626,49288
4/27/2020,53836,50294,964,51258
4/28/2020,55842,51464,927,52391
4/29/2020,59016,55425,1158,56583
4/30/2020,61501,58690,969,59659
5/1/2020,64769,60575,827,61402
5/2/2020,64596,56730,3261,59991
5/3/2020,61166,51498,2368,53866
5/4/2020,62088,56640,1006,57646
5/5/2020,64698,61407,958,62365
5/6/2020,64092,57002,1699,58701
5/7/2020,63956,57913,982,58895
5/8/2020,66749,63949,804,64753
5/9/2020,71354,67294,1205,68499
5/10/2020,70839,62490,2556,65046
5/11/2020,70607,64360,3054,67414
5/12/2020,70880,64383,2065,66448
5/13/2020,71841,68463,1577,70040
5/14/2020,70498,59415,3810,63225
5/15/2020,64777,59537,845,60382
5/16/2020,72135,67640,1080,68720
5/17/2020,74244,67891,1519,69410
5/18/2020,74195,69631,1475,71106
5/19/2020,75539,71554,1406,72960
5/20/2020,76243,72265,1420,73685
5/21/2020,78296,74669,1339,76008
5/22/2020,79273,75110,1314,76424
5/23/2020,79231,73305,1487,74792
5/24/2020,77339,67771,816,68587
5/25/2020,76986,68347,978,69325
5/26/2020,75682,69991,1062,71053
5/27/2020,75298,71424,816,72240
5/28/2020,77117,70904,2364,73268
5/29/2020,74637,68342,1382,69724
5/30/2020,70836,61650,1742,63392
5/31/2020,69401,58696,1393,60089
6/1/2020,70502,63891,1982,65873
6/2/2020,72581,67616,2064,69680
6/3/2020,75433,70426,2721,73147
6/4/2020,77499,71736,3189,74925
6/5/2020,78714,73974,1096,75070
6/6/2020,77288,68909,1788,70697
6/7/2020,72506,64245,1879,66124
6/8/2020,79281,72991,2838,75829
6/9/2020,81552,77000,3302,80302
6/10/2020,81634,76128,3013,79141
6/11/2020,84127,79670,2122,81792
6/12/2020,87327,80727,2842,83569
6/13/2020,86869,77800,1648,79448
6/14/2020,85973,80115,1585,81700
6/15/2020,90583,85278,1585,86863
6/16/2020,92790,87880,3391,91271
6/17/2020,93949,89192,4006,93198
6/18/2020,96219,89823,4462,94285
6/19/2020,97153,89197,2966,92163
6/20/2020,97714,86817,2159,88976
6/21/2020,98191,84917,3197,88114
6/22/2020,98607,86101,2931,89032
6/23/2020,98958,90928,4284,95212
6/24/2020,98622,85425,3146,88571
6/25/2020,92256,73472,6571,80043
6/26/2020,91034,80234,2125,82359
6/27/2020,93494,83971,2402,86373
6/28/2020,92565,82855,3106,85961
6/29/2020,89797,73119,4990,78109
6/30/2020,93550,84409,2459,86868
7/1/2020,94702,88799,3229,92028
7/2/2020,96588,91212,4923,96135
7/3/2020,102828,93154,8048,101202
7/4/2020,100228,81854,11595,93449
7/5/2020,82818,66865,4310,71175
7/6/2020,91924,83836,2718,86554
7/7/2020,95504,90246,2461,92707
7/8/2020,95730,89032,2438,91470
7/9/2020,92122,95722,3126,98848
7/10/2020,92237,92238,92239,92240
7/11/2020,99086,88436,5703,94139
7/12/2020,82385,66955,6659,73614
7/13/2020,89191,83475,2435,85910
7/14/2020,97226,95088,4133,99221
7/15/2020,97550,93125,5615,98740
7/16/2020,97550,97925,5615,103540
7/17/2020,95121,90544,2931,93475
7/18/2020,96055,93960,3633,97593
7/19/2020,92495,83324,6315,89639
7/20/2020,85182,75478,6629,82107
7/21/2020,75888,67619,3597,71216
7/22/2020,79006,77869,2412,80281
7/23/2020,85557,85136,2321,87457
7/24/2020,89579,90208,1958,92166
7/25/2020,92625,92630,2147,94777
7/26/2020,92206,89831,2303,92134
7/27/2020,96057,96207,2658,98865
7/28/2020,98738,98760,3614,102374
7/29/2020,99401,95627,4286,99913
7/30/2020,97647,85796,2934,88730
7/31/2020,93539,84711,1728,86439
8/1/2020,88094,81168,1777,82945
8/2/2020,87072,77268,3775,81043
8/3/2020,90851,84131,2874,87005
8/4/2020,91645,87642,2404,90046
8/5/2020,93623,94103,3382,97485
8/6/2020,97945,93804,2700,96504
8/7/2020,98684,97226,2590,99816
8/8/2020,97997,96426,3500,99926
8/9/2020,96982,88785,3722,92507
8/10/2020,95397,88433,4755,93188
8/11/2020,96965,96668,4116,100784
8/12/2020,100963,99029,4290,103319
8/13/2020,102803,100154,5307,105461
8/14/2020,100001,89329,1902,91231
8/15/2020,99359,95331,2130,97461
8/16/2020,92766,93618,4370,97988
8/17/2020,96286,96762,7534,104296
8/18/2020,100542,99064,6533,105597
8/19/2020,99203,88744,5689,94433
8/20/2020,88085,73797,7554,81351
8/21/2020,85952,79068,2265,81333
8/22/2020,83891,82549,2018,84567
8/23/2020,86041,84354,1990,86344
8/24/2020,91781,90876,2101,92977
8/25/2020,92213,93098,1671,94769
8/26/2020,90802,88621,2549,91170
8/27/2020,88165,82426,3027,85453
8/28/2020,81933,74559,2873,77432
8/29/2020,79485,71622,1419,73041
8/30/2020,78221,62796,1494,64290
8/31/2020,78410,73735,2393,76128
9/1/2020,75556,78969,2411,81380
9/2/2020,83904,77954,2312,80266
9/3/2020,85061,82455,2988,85443
9/4/2020,77311,69134,3584,72718
9/5/2020,78107,74912,2238,77150
9/6/2020,77074,72876,1926,74802
9/7/2020,81753,80613,2528,83141
9/8/2020,85425,86560,2471,89031
9/9/2020,89417,89983,2438,92421
9/10/2020,90901,91368,2663,94031
9/11/2020,91329,92701,1836,94537
9/12/2020,91564,93378,1907,95285
9/13/2020,91957,88579,1868,90447
9/14/2020,92463,92956,3767,96723
9/15/2020,94555,95512,3107,98619
9/16/2020,97508,94899,2307,97206
9/17/2020,95489,94391,3229,97620
9/18/2020,97209,98065,2025,100090
9/19/2020,96621,95589,3564,99153
9/20/2020,91055,87090,3290,90380
9/21/2020,90458,91074,4576,95650
9/22/2020,95245,94208,2020,96228
9/23/2020,93652,93384,2685,96069
9/24/2020,94233,93609,2112,95721
9/25/2020,93223,90935,1596,92531
9/26/2020,91305,86946,1531,88477
9/27/2020,90079,81378,1481,82859
9/28/2020,90135,85921,1855,87776
9/29/2020,89731,85553,1898,87451
9/30/2020,87279,85264,1798,87062
10/1/2020,83379,83956,2949,86905
10/2/2020,81462,80933,1321,82254
10/3/2020,77309,78493,1233,79726
10/4/2020,74347,70993,1214,72207
10/5/2020,75895,75251,1777,77028
10/6/2020,75659,75204,1785,76989
10/7/2020,75795,70539,1347,71886
10/8/2020,75827,74085,1205,75290
10/9/2020,73944,69609,4340,73949
10/10/2020,74042,68882,1219,70101
10/11/2020,74042,61114,1288,62402
10/12/2020,72640,71241,1509,72750
10/13/2020,72458,71379,1455,72834
10/14/2020,72452,70516,1416,71932
10/15/2020,72071,68217,1906,70123
10/16/2020,71284,67536,906,68442
10/17/2020,70328,67239,1079,68318
10/18/2020,65281,59839,1091,60930
10/19/2020,64398,61167,1136,62303
10/20/2020,63121,62649,2299,64948
10/21/2020,62850,62479,2165,64644
10/22/2020,62750,56190,2457,58647
10/23/2020,62816,61678,825,58647
10/24/2020,62788,60983,1028,58647
10/25/2020,62850,60647,968,58647
10/26/2020,62747,55993,2511,58647
10/27/2020,62029,57193,2081,58647
10/28/2020,61987,57051,2143,58647
10/29/2020,60813,56330,2186,58647
10/30/2020,59420,49119,598,58647
10/31/2020,57837,51752,754,58647
11/1/2020,56387,48721,940,58647
11/2/2020,56675,50827,1824,58647
11/3/2020,57017,52520,1920,58647
11/4/2020,57488,53729,1997,58647
11/5/2020,57276,52819,1899,58647
11/6/2020,54818,49058,653,58647
11/7/2020,54209,48219,671,58647
11/8/2020,52311,47232,1020,58647
11/9/2020,51937,50190,1915,58647
11/10/2020,52348,51248,2050,58647
11/11/2020,52804,51242,2157,58647
11/12/2020,52972,50971,2026,58647
11/13/2020,52716,51220,988,58647
11/14/2020,52798,50748,704,58647
11/15/2020,51331,41056,4452,58647
11/16/2020,52090,47237,775,58647
11/17/2020,52267,47937,1712,58647
11/18/2020,52044,48312,1899,58647
11/19/2020,52011,48518,1959,58647
11/20/2020,52003,50136,594,58647
11/21/2020,51954,49568,700,58647
11/22/2020,50799,44961,808,58647
11/23/2020,50505,47911,1756,58647
11/24/2020,50521,49098,1934,58647
11/25/2020,50554,49420,1940,58647
11/26/2020,50489,49766,2183,58647
11/27/2020,50807,50862,776,58647
11/28/2020,50859,50220,704,58647
11/29/2020,50581,45754,784,58647
11/30/2020,50629,48444,1536,58647
12/1/2020,50726,49082,1987,58647
12/2/2020,50455,50017,1884,58647
12/3/2020,50708,50090,1807,58647
12/4/2020,50963,51100,865,58647
12/5/2020,50910,50167,751,58647
12/6/2020,50808,46042,713,58647
12/7/2020,50974,48861,1714,58647
12/8/2020,50810,46726,2193,58647
12/9/2020,50964,49232,2293,58647
12/10/2020,51127,49566,2046,58647
12/11/2020,50983,50285,1550,58647
12/12/2020,51332,47384,1684,58647
12/13/2020,50605,44759,1170,58647
12/14/2020,50728,48641,1837,58647
12/15/2020,51032,48353,2022,58647
12/16/2020,51599,50043,2143,58647
12/17/2020,51783,50253,2397,58647
12/18/2020,52771,52533,907,58647
12/19/2020,53344,51824,994,58647
12/20/2020,53423,47080,942,58647
12/21/2020,53389,50351,2026,58647
12/22/2020,53605,52088,2172,58647
12/23/2020,53992,52761,2008,58647
12/24/2020,53751,52007,2283,58647
12/25/2020,53762,49449,759,58647
12/26/2020,53821,49618,960,58647
12/27/2020,53820,46436,1806,58647
12/28/2020,54522,52221,1979,58647
12/29/2020,54712,53368,2335,58647
12/30/2020,54724,50271,2464,52735
12/31/2020,55001,50894,2214,53108
1/1/2021,456110,53708,913,54621
1/2/2021,55614,53389,1159,54548
1/3/2021,55598,48926,937,49863
1/4/2021,55592,50309,2855,53164
1/5/2021,55607,48317,3492,51809
1/6/2021,55634,50772,1544,52316
1/7/2021,55615,51478,1845,53323
1/8/2021,51608,46351,1869,48220
1/9/2021,49208,43851,1941,45792
1/10/2021,16350,16710,14797,31507
1/11/2021,40460,39478,9175,48653
1/12/2021,49603,49056,943,49999
1/13/2021,50018,49236,2373,51609
1/14/2021,50096,50999,1418,52417
1/15/2021,51728,52280,872,53152
1/16/2021,52219,51440,1004,52444
1/17/2021,52348,47067,854,47921
1/18/2021,52370,49176,2499,51675
1/19/2021,52382,48811,2434,51245
1/20/2021,52398,49618,2354,51972
1/21/2021,52477,48955,2042,50997
1/22/2021,52602,50729,675,51404
1/23/2021,52702,49561,884,50445
1/24/2021,52608,49478,847,50325
1/25/2021,52719,47688,1382,49070
1/26/2021,52693,48641,2207,50848
1/27/2021,52691,48620,2443,51063
1/28/2021,52391,46930,1959,48889
1/29/2021,51939,48707,824,49531
1/30/2021,51929,47633,1050,48683
1/31/2021,51929,47873,1050,48923
2/1/2021,51611,45618,1899,47517
2/2/2021,51550,47077,2303,49380
2/3/2021,52225,48296,1643,49939
2/4/2021,51006,47821,2200,50021
2/5/2021,49777,45717,703,46420
2/6/2021,49455,46396,622,47018
2/7/2021,51927,46630,870,47500
2/8/2021,49335,46861,1935,48796
2/9/2021,49997,47857,2524,50381
2/10/2021,49915,47658,2446,50104
2/11/2021,49807,48343,2114,50457
2/12/2021,50288,48971,1050,50021
2/13/2021,50355,48433,1063,49496
2/14/2021,50330,45161,1500,46661
2/15/2021,50276,46664,1361,48025
2/16/2021,50425,47549,2471,50020
2/17/2021,50613,48034,2346,50380
2/18/2021,50703,47287,2229,49516
2/19/2021,50741,49091,1242,50333
2/20/2021,50745,49042,892,49934
2/21/2021,50769,44658,644,45302
2/22/2021,50651,47562,1919,49481
2/23/2021,50862,48669,2265,50934
2/24/2021,51476,49958,2148,52106
2/25/2021,51659,50293,2194,52487
2/26/2021,52154,51881,756,52637
2/27/2021,54547,51438,1279,50536
2/28/2021,52505,51425,1358,52783
3/1/2021,51733,46185,5552,47469
3/2/2021,52151,51416,1039,52455
3/3/2021,52338,52123,1206,53329
3/4/2021,52487,51550,1854,53404
3/5/2021,53295,50494,703,51197
3/6/2021,53495,52390,905,53295
3/7/2021,53716,47539,1374,48913
3/8/2021,54940,50336,2191,52527
3/9/2021,58411,53663,1837,55500
3/10/2021,60734,53965,2191,56156
3/11/2021,59883,54331,2306,56637
3/12/2021,58596,53028,2352,55380
3/13/2021,57232,51559,897,52456
3/14/2021,54098,47785,881,48666
3/15/2021,54442,50599,2547,53146
3/16/2021,56562,53233,2669,55902
3/17/2021,59738,55098,2520,57618
3/18/2021,59544,57615,1259,58874
3/19/2021,63170,55110,860,55970
3/20/2021,61534,55147,1962,57109
3/21/2021,63790,45116,1947,47063
3/22/2021,52255,49913,2102,52015
3/23/2021,50370,45342,4057,49399
3/24/2021,56337,52415,2458,54873
3/25/2021,56811,54342,1943,56285
3/26/2021,60241,57382,832,58214
3/27/2021,60417,59464,945,60409
3/28/2021,62999,56794,1192,57986
3/29/2021,64233,60752,2721,63473
3/30/2021,63769,60796,2324,63120
3/31/2021,65237,62617,2477,65094
4/1/2021,63266,61097,1977,63074
4/2/2021,66890,62054,1127,63181
4/3/2021,69600,61167,915,62082
4/4/2021,69600,58177,1055,59232
4/5/2021,69600,62166,1149,63315
4/6/2021,66660,59093,3187,62280
4/7/2021,63700,59739,1820,61559
4/8/2021,63694,62796,1220,64016
4/9/2021,67055,64516,1029,65545
4/10/2021,67299,65334,1452,66786
4/11/2021,67414,61934,1561,63495
4/12/2021,72132,68267,1748,70015
4/13/2021,74187,71103,1876,72979
4/14/2021,73386,71883,1117,73000
4/15/2021,67056,64749,1711,66460
4/16/2021,66633,64294,766,65060
4/17/2021,69972,69064,822,69886
4/18/2021,64933,61115,667,61782
4/19/2021,65836,64166,816,64982
4/20/2021,68382,65196,2135,67331
4/21/2021,66126,62480,1164,63644
4/22/2021,65875,60476,1771,62247
4/23/2021,57861,51991,3101,55092
4/24/2021,62623,60107,955,61062
4/25/2021,63367,60039,819,60858
4/26/2021,70643,68795,1102,69897
4/27/2021,77195,75574,1168,76742
4/28/2021,82130,80222,1308,81530
4/29/2021,82781,81192,1431,82623
4/30/2021,84601,81378,1277,82655
5/1/2021,80683,79044,1272,80316
5/2/2021,80837,77209,2326,79535
5/3/2021,85907,82287,2830,85117
5/4/2021,87263,83054,2035,85089
5/5/2021,87276,81180,1260,82440
5/6/2021,86747,80706,1599,82305
5/7/2021,84722,78491,1105,79596
5/8/2021,80762,76117,1014,77131
5/9/2021,77769,73380,2060,75440
5/10/2021,75980,72802,1172,73974
5/11/2021,71795,68412,2005,70417
5/12/2021,71464,64556,2875,67431
5/13/2021,56067,49935,1828,51763
5/14/2021,55701,52565,1237,53802
5/15/2021,56921,52861,494,53355
5/16/2021,56921,52885,494,53379
5/17/2021,80574,75043,494,75537
5/18/2021,85216,77792,1545,79337
5/19/2021,84654,80327,1673,82000
5/20/2021,85082,78883,1985,80868
5/21/2021,84440,79570,1497,81067
5/22/2021,84497,78883,3573,82456
5/23/2021,80405,75579,1769,77348
5/24/2021,84596,79241,1675,80916
5/25/2021,86905,81829,2191,84020
5/26/2021,86498,84290,3393,87683
5/27/2021,89127,87556,4632,92188
5/28/2021,92792,91987,4974,96961
5/29/2021,94722,90307,5356,95663
5/30/2021,90374,86362,3532,89894
5/31/2021,87035,81290,13232,94522
6/1/2021,81353,72536,5186,77722
6/2/2021,87714,83265,2278,85543
6/3/2021,87464,79746,2731,82477
6/4/2021,88129,82872,1525,84397
6/5/2021,89268,85703,1710,87413
6/6/2021,90732,85424,1762,87186
6/7/2021,97215,94407,3892,98299
6/8/2021,97136,97468,6647,104115
6/9/2021,97781,98660,9650,108310
6/10/2021,96883,94870,9026,103896
6/11/2021,100115,98869,3982,102851
6/12/2021,99885,91958,3004,94962
6/13/2021,86897,71944,5419,77363
6/14/2021,91484,83550,2524,86074
6/15/2021,91304,84589,3268,87857
6/16/2021,90466,81940,1870,83810
6/17/2021,88151,80718,2418,83136
6/18/2021,94361,88543,2516,91059
6/19/2021,96436,90750,2423,93173
6/20/2021,91669,77350,4944,82294
6/21/2021,91064,82977,3286,86263
6/22/2021,97934,92092,3182,95274
6/23/2021,99426,94276,3903,98179
6/24/2021,99933,92975,3798,96773
6/25/2021,100821,94209,3894,98103
6/26/2021,97524,82789,4477,87266
6/27/2021,96983,87908,2319,90227
6/28/2021,94739,93599,6173,99772
6/29/2021,93039,94994,12233,107227
6/30/2021,94652,96026,13589,109615
7/1/2021,98164,98997,11175,110172
7/2/2021,102237,99516,5731,105247
7/3/2021,97687,91671,5121,96792
7/4/2021,97592,97343,3047,100390
7/5/2021,101535,101263,4194,105457
7/6/2021,104892,104662,5253,109915
7/7/2021,107602,107175,6170,113345
7/8/2021,108819,108338,6208,114546
7/9/2021,108367,107659,4311,111970
7/10/2021,101912,101422,5823,107245
7/11/2021,93651,93081,7328,100409
7/12/2021,91587,85330,6317,91647
7/13/2021,90568,85011,2668,87679
7/14/2021,93157,92528,2394,94922
7/15/2021,97417,96762,2872,99634
7/16/2021,99149,98535,5054,103589
7/17/2021,95391,95038,9540,104578
7/18/2021,96536,96384,8633,105017
7/19/2021,100412,99679,3784,103463
7/20/2021,76500,70939,6191,77130
7/21/2021,66819,63179,3796,66975
7/22/2021,70583,69769,1484,71253
7/23/2021,77727,77095,1653,78748
7/24/2021,85936,85190,2010,87200
7/25/2021,90918,90236,2161,92397
7/26/2021,96395,95951,2671,98622
7/27/2021,97403,96663,2438,99101
7/28/2021,95630,90280,2824,93104
7/29/2021,91727,87499,2512,90011
7/30/2021,94056,93451,2071,95522
7/31/2021,95233,94787,2669,97456
8/1/2021,90886,90156,2241,92397
8/2/2021,94094,92836,5301,98137
8/3/2021,95977,95250,4321,99571
8/4/2021,96575,95771,4060,99831
8/5/2021,99022,97982,4306,102288
8/6/2021,94216,93179,10902,104081
8/7/2021,96783,95837,2792,98629
8/8/2021,97629,96473,3397,99870
8/9/2021,96800,95727,3768,99495
8/10/2021,99437,98888,3138,102026
8/11/2021,101056,100319,3841,104160
8/12/2021,102977,102470,3510,105980
8/13/2021,105019,104138,3080,107218
8/14/2021,102789,102283,2853,105136
8/15/2021,101193,97973,2218,100191
8/16/2021,104460,103488,2587,106075
8/17/2021,104275,103207,2741,105948
8/18/2021,101820,101009,1875,102884
8/19/2021,100263,92763,932,89985
8/20/2021,101968,95969,5434,101403
8/21/2021,100962,95982,2430,98412
8/22/2021,98240,92090,2423,94513
8/23/2021,99359,95356,2612,97968
8/24/2021,100521,99522,3295,102817
8/25/2021,102221,101431,3361,104792
8/26/2021,102640,102105,2605,104710
8/27/2021,103670,102670,2141,104811
8/28/2021,103764,102695,1964,104659
8/29/2021,103651,98450,2958,101408
8/30/2021,103039,102187,2628,104815
8/31/2021,102066,98380,3538,101918
9/1/2021,99783,98583,3311,101894
9/2/2021,98074,96980,2201,99181
9/3/2021,93040,92068,2653,94721
9/4/2021,87836,86831,1657,88488
9/5/2021,89864,89118,1597,90715
9/6/2021,96512,95612,1971,97583
9/7/2021,100134,99533,2864,102397
9/8/2021,97038,95826,2466,98292
9/9/2021,90678,88549,3983,92532
9/10/2021,82646,75509,5128,80637
9/11/2021,74710,71511,3552,75063
9/12/2021,61743,60934,1963,62897
9/13/2021,69191,68061,2336,70397
9/14/2021,79396,78348,2208,80556
9/15/2021,84969,84008,2393,86401
9/16/2021,88451,87804,2656,90460
9/17/2021,90102,89327,1873,91200
9/18/2021,89188,88498,2051,90549
9/19/2021,88010,86931,2269,89200
9/20/2021,90809,90483,2259,92742
9/21/2021,84027,83366,3590,86956
9/22/2021,79187,78379,1844,80223
9/23/2021,77513,76461,1797,78258
9/24/2021,77590,76712,1274,77986
9/25/2021,80410,79891,1311,81202
9/26/2021,81768,80827,1493,82320
9/27/2021,85299,84676,2144,86820
9/28/2021,88266,87455,1478,88933
9/29/2021,90208,89626,1984,91610
9/30/2021,92756,92111,2386,94497
10/1/2021,92503,91809,1651,93460
10/2/2021,87782,83717,4081,87798
10/3/2021,84369,80321,1814,82135
10/4/2021,81842,75961,1952,77913
10/5/2021,81842,75961,1952,77913
10/6/2021,85574,83318,2289,85607
10/7/2021,79965,79653,4312,83965
10/8/2021,76109,74784,4347,79131
10/9/2021,82889,78777,1392,80169
10/10/2021,80053,76368,1790,78158
10/11/2021,78859,77979,1967,79946
10/12/2021,78346,77597,2089,79686
10/13/2021,77142,76207,1549,77756
10/14/2021,75214,74222,1133,75355
10/15/2021,73162,72113,1106,73219
10/16/2021,71594,70889,936,71825
10/17/2021,70087,68827,1523,70350
10/18/2021,69090,68327,2627,70954
10/19/2021,63856,62559,905,63464
10/20/2021,68957,67975,2746,70721
10/21/2021,68201,67073,2449,69522
10/22/2021,68783,67743,859,68602
10/23/2021,65989,60858,2121,62979
10/24/2021,56427,50170,1470,51640
10/25/2021,58478,57393,1955,59348
10/26/2021,58980,58008,2303,60311
10/27/2021,59606,55308,2408,57716
10/28/2021,55056,50180,1479,51659
10/29/2021,53743,52185,635,52820
10/30/2021,53024,51754,643,52397
10/31/2021,52740,50827,1155,51982
11/1/2021,52214,51227,1899,53126
11/2/2021,52452,51545,2599,54144
11/3/2021,54141,53024,2258,55282
11/4/2021,53485,52132,2250,54382
11/5/2021,53411,52212,1023,53235
11/6/2021,53030,52126,1114,53240
11/7/2021,50340,49369,937,50306
11/8/2021,51750,50799,2095,52894
11/9/2021,52641,51285,810,52095
11/10/2021,52763,51693,1068,52761
11/11/2021,51644,50427,2222,52649
11/12/2021,53319,52155,1007,53162
11/13/2021,53660,52482,972,53454
11/14/2021,53868,52634,1072,53706
11/15/2021,53148,51946,2036,53982
11/16/2021,53096,51557,2225,53782
11/17/2021,55921,55047,2180,57227
11/18/2021,57859,57002,1182,58184
11/19/2021,59980,58589,792,59381
11/20/2021,60089,59104,787,59891
11/21/2021,56904,56816,1185,58001
11/22/2021,57805,57002,1705,58707
11/23/2021,57673,56380,2327,58707
11/24/2021,58009,57683,2226,59909
11/25/2021,59242,59053,2031,61084
11/26/2021,60464,60330,698,61028
11/27/2021,60246,59649,646,60295
11/28/2021,58214,54928,1329,56257
11/29/2021,58106,57417,1856,59273
11/30/2021,58644,57947,2101,60048
12/1/2021,58427,57985,1985,59970
12/2/2021,58786,58403,1061,59464
12/3/2021,58969,58672,653,59325
12/4/2021,58975,58802,719,59521
12/5/2021,56157,55639,1021,56660
12/6/2021,58603,58136,2203,60339
12/7/2021,58784,58043,2268,60311
12/8/2021,59223,58486,1958,60444
12/9/2021,59293,58852,2048,60900
12/10/2021,59642,50701,649,51350
12/11/2021,60729,49381,728,50109
12/12/2021,57530,42669,1011,43680
12/13/2021,57220,45403,1928,47331
12/14/2021,57775,46309,2702,49011
12/15/2021,54578,41966,2992,44958
12/16/2021,57503,42478,4040,46518
12/17/2021,63172,55098,2595,57693
12/18/2021,66202,58106,1009,59115
12/19/2021,65572,56980,1136,58116
12/20/2021,65756,60107,2109,62216
12/21/2021,66683,64132,2825,66957
12/22/2021,67190,61905,2241,64146
12/23/2021,67123,61705,2300,64005
12/24/2021,67315,62631,770,63401
12/25/2021,64041,57370,686,58056
12/26/2021,62493,52956,1383,54339
12/27/2021,65383,58255,2213,60468
12/28/2021,65386,60150,2641,62791
12/29/2021,65609,61254,2031,63285
12/30/2021,65764,60989,2027,63016
12/31/2021,65416,60801,740,61541
